show_id,type,title,director,cast,country,date_added,release_year,rating,duration,listed_in,description
s67,TV Show,Raja Rasoi Aur Anya Kahaniyan,,,India,"September 15, 2021",2014,TV-G,1 Season,"Docuseries, International TV Shows","Explore the history and flavors of regional Indian cuisine, from traditional Kashmiri feasts to the vegetarian dishes of Gujarat."
s76,Movie,You vs. Wild: Out Cold,Ben Simms,"Bear Grylls, Jason Derek Prempeh",,"September 14, 2021",2021,TV-G,106 min,Children & Family Movies,"After a plane crash leaves Bear with amnesia, he must make choices to save the missing pilot and survive in this high-stakes interactive adventure."
s107,TV Show,Bunk'd,,"Peyton List, Karan Brar, Skai Jackson, Miranda May, Kevin G. Quinn, Nathan Arenas, Nina Lu",United States,"September 5, 2021",2021,TV-G,5 Seasons,"Kids' TV, TV Comedies","The Ross siblings of Disney's hit series ""Jessie"" spend a summer full of fun and adventure at Maine's Camp Kikiwaka, where their parents first met."
s109,TV Show,Dive Club,,"Aubri Ibrag, Sana'a Shaik, Miah Madden, Mercy Cornwall, Georgia-May Davis, Ryan Harrison, Josh Heuston, Alexander Grant",Australia,"September 3, 2021",2021,TV-G,1 Season,"Kids' TV, TV Dramas, Teen TV Shows","On the shores of Cape Mercy, a skillful group of teen divers investigate a series of secrets and signs after one of their own mysteriously goes missing."
s188,TV Show,The Ingenuity of the Househusband,,Kenjiro Tsuda,,"August 29, 2021",2021,TV-G,1 Season,"International TV Shows, TV Comedies",A tough guy with a knack for housework tackles household tasks with meticulous care in these comedic live-action vignettes.
s233,TV Show,Wheel of Fortune,,"Pat Sajak, Vanna White",United States,"August 25, 2021",2019,TV-G,3 Seasons,Reality TV,"Pat Sajak and Vanna White host one of TV's most popular, long-running game shows, where players spin a wheel for prizes and solve mystery phrases."
s429,Movie,Words Bubble Up Like Soda Pop,Kyohei Ishiguro,"Somegoro Ichikawa, Hana Sugisaki, Megumi Han, Natsuki Hanae, Yuuichirou Umehara, Megumi Nakajima, Sumire Morohoshi, Hiroshi Kamiya, Maaya Sakamoto, Koichi Yamadera, Kikuko Inoue",,"July 22, 2021",2021,TV-G,87 min,"Anime Features, Children & Family Movies, International Movies","After meeting one bright, sunny day, a shy boy who expresses himself through haiku and a bubbly but self-conscious girl share a brief, magical summer."
s485,Movie,Lee Su-geun: The Sense Coach,Kim Joo-hyung,Lee Su-geun,,"July 9, 2021",2021,TV-G,46 min,Stand-Up Comedy,"Lee Su-geun's rise to Korean comedy stardom went hand in hand with his mastery over picking up social cues. Now, he's ready to share his know-hows."
s507,Movie,This Little Love Of Mine,Christine Luby,"Saskia Hampele, Liam McIntyre, Lynn Gilmartin, Craig Horner",Australia,"July 7, 2021",2021,TV-G,92 min,"International Movies, Romantic Movies",A workaholic lawyer returns to her island home to convince an old friend to take over his family’s company — but rekindled feelings soon get in the way.
s531,TV Show,Richie Rich,,"Jake Brennan, Joshua Carlon, Lauren Taylor, Jenna Ortega, Kiff VandenHeuvel, Brooke Wexler",United States,"July 6, 2021",2015,TV-G,2 Seasons,"Kids' TV, TV Comedies","After turning his veggies into green energy, Richie Rich earns a trillion dollars overnight and a new life filled with nonstop fun and adventure."
s535,Movie,Si Doel the Movie 2,Rano Karno,"Maudy Koesnaedi, Rano Karno, Cornelia Agatha, Mandra Naih, Aminah Tjendrakasih, Suty Karno, Adam Jagwani",Indonesia,"July 6, 2021",2019,TV-G,95 min,"Dramas, International Movies","As Sarah and her child look to settle in Jakarta, Zaenab searches for answers and gets caught between defending her marriage to Doel or letting it go."
s541,TV Show,The Worst Witch,,"Bella Ramsey, Clare Higgins, Meibh Campbell, Raquel Cassidy, Jenny Richardson, Miriam Petche, Tallulah Milligan, Wendy Craig, Shauna Shim","United Kingdom, Germany","July 6, 2021",2020,TV-G,4 Seasons,"British TV Shows, Kids' TV","After stumbling into a school for witches, a bumbling heroine comes to realize that she just might belong there. Based on Jill Murphy's beloved books."
s566,TV Show,Bureau of Magical Things,,"Kimie Tsukakoshi, Elizabeth Cullen, Mia Milnes, Julian Cullen, Rainbow Wedell, Jamie Carter, Christopher Sommers","Australia, Germany","July 1, 2021",2020,TV-G,1 Season,"International TV Shows, Kids' TV, TV Mysteries","When a teen accidentally discovers an enchanted realm, she becomes the only one able to unite the human and magical worlds – and save both from evil."
s648,TV Show,The Parisian Agency: Exclusive Properties,,"Olivier Kretz, Sandrine Kretz, Valentin Kretz, Martin Kretz, Louis Kretz",,"June 23, 2021",2021,TV-G,1 Season,"International TV Shows, Reality TV",This reality series follows the Kretz family and their luxury property business as they help clients buy and sell fabulous homes in France and abroad.
s718,Movie,Headspace: Unwind Your Mind,,"Andy Puddicombe, Evelyn Lewis Prieto, Ginger Daniels, Darren Pettie, Simon Prebble, Rhiannon Mcgavin, Kate Seftel",,"June 15, 2021",2021,TV-G,273 min,Documentaries,"Do you want to relax, meditate or sleep deeply? Personalize the experience according to your mood or mindset with this Headspace interactive special."
s720,TV Show,Power Rangers Dino Fury,,"Russell Curry, Hunter Deno, Kai Moya, Tessa Rao, Chance Perez, Shavaughn Ruakere, Blair Strang",United States,"June 15, 2021",2021,TV-G,1 Season,Kids' TV,"With the prehistoric force of the dinosaurs, a new crew of Power Rangers must deal with a menacing army of alien creatures attacking Earth."
s724,TV Show,The American Bible Challenge,Michael Simon,Jeff Foxworthy,United States,"June 15, 2021",2014,TV-G,1 Season,Reality TV,"Join host Jeff Foxworthy as contestants test their knowledge of all things biblical, competing to win money for the charities of their choice."
s756,Movie,Kitty Love: An Homage to Cats,,Nicolette Kluijver,Netherlands,"June 5, 2021",2021,TV-G,61 min,"Children & Family Movies, Documentaries, International Movies","Famous feline Abatutu presents this charming celebration of cats, showcasing their finest and friskiest moments with a collection of home videos."
s760,Movie,Fireplace 4K: Classic Crackling Fireplace from Fireplace for Your Home,George Ford,,,"June 4, 2021",2015,TV-G,60 min,Movies,"The first of its kind in UHD 4K, with the clearest picture available, a real fireplace sparks and crackles, adding warmth and atmosphere to any home."
s761,Movie,Fireplace 4K: Crackling Birchwood from Fireplace for Your Home,George Ford,,,"June 4, 2021",2015,TV-G,60 min,Movies,"For the first time in 4K Ultra-HD, everyone's favorite Yuletide fireplace snaps and crackles in crystal clear, high-def holiday warmth."
s770,Movie,From Stress to Happiness,"Alejandro De Grazia, Juan Stadler",,Argentina,"June 3, 2021",2020,TV-G,58 min,"Documentaries, International Movies","A stressed-out documentary filmmaker goes on a journey of discovery with a pair of monks, one of whom is known as ""the happiest man in the world."""
s850,Movie,Sam Smith: Love Goes - Live at Abbey Road Studios,,Sam Smith,,"May 22, 2021",2020,TV-G,61 min,"International Movies, Music & Musicals","Grammy-winning artist Sam Smith gives an intimate, soulful performance at the iconic Abbey Road Studios featuring songs from their third album and more."
s968,TV Show,Headspace Guide to Sleep,,Evelyn Lewis Prieto,,"April 28, 2021",2021,TV-G,1 Season,"Docuseries, Science & Nature TV","Learn how to sleep better with Headspace. Each episode unpacks misconceptions, offers friendly tips and concludes with a guided wind-down."
s992,Movie,One Like It,Marwan Nabil,"Riham Abdel Ghafour, Mohammed Aly Rizk, Hazem Samir, Salwa Othman, Mahmoud Gharib",Egypt,"April 23, 2021",2020,TV-G,15 min,"Dramas, Independent Movies, International Movies",This short film follows a day in the life of a young woman in Egypt and how her interactions with others expose long-standing stereotypes and biases.
s993,Movie,Perfume Imaginary Museum “Time Warp”,"MIKIKO, Daito Manabe",Perfume,,"April 23, 2021",2020,TV-G,54 min,"International Movies, Music & Musicals","This visually stunning special performance was the highlight of Perfume’s ""P.O.P"" Festival — the J-pop trio’s 20th anniversary online celebration."
s1082,TV Show,"Nicky, Ricky, Dicky & Dawn",,"Brian Stepanek, Allison Munn, Aidan Gallagher, Casey Simpson, Mace Coronel, Lizzy Greene",United States,"April 12, 2021",2018,TV-G,4 Seasons,"Kids' TV, TV Comedies","Just because they're quadruplets, that doesn't mean these 10-year-olds always get along. But for all the bickering, they're loyal to the last."
s1124,TV Show,Magical Andes,,,"Uruguay, Germany","April 1, 2021",2021,TV-G,2 Seasons,"Docuseries, International TV Shows, Science & Nature TV","From Argentina to Colombia, this stunning documentary follows five characters who share their deep connection to South America's majestic mountains."
s1159,TV Show,Big Time Rush,,"Kendall Schmidt, James Maslow, Carlos Pena, Logan Henderson, Ciara Bravo, Stephen Kramer Glickman, Tanya Chisholm, Challen Cates, Erin Sanders, Matt Riedy",United States,"March 26, 2021",2013,TV-G,4 Seasons,Kids' TV,"After a talent agent discovers four talented pals and turns them into a boy band called Big Time Rush, they must adjust to their exciting new lives."
s1184,Movie,Reframe THEATER EXPERIENCE with you,Taketoshi Sado,Perfume,,"March 19, 2021",2020,TV-G,84 min,"International Movies, Music & Musicals","Perfume's Reframe 2019 concert, performed to great effect in the newly reconstructed Line Cube Shibuya, is recreated as a high-tech concert film."
s1190,Movie,Nate Bargatze: The Greatest Average American,Troy Miller,Nate Bargatze,United States,"March 18, 2021",2021,TV-G,60 min,Stand-Up Comedy,"Nate Bargatze touches on Zoom comedy shows, losing his phone, hotel breakfast fails, animal caddies, new math and much more in this special."
s1207,TV Show,Zero Chill,,"Grace Beedie, Dakota Benjamin Taylor, Jade Ma, Jeremias Amoore, Leonardo Fontes, Anastasia Chocholatá, Sarah-Jane Potts, Doug Rao, Tanja Ribič, Oscar Skagerberg, Jerry Kwarteng",United Kingdom,"March 15, 2021",2021,TV-G,1 Season,"British TV Shows, Kids' TV, TV Dramas","Talented teen figure skater Kayla is forced to leave everything behind when her family follows her twin brother, Mac, to a prestigious hockey academy."
s1210,Movie,Just In Time,Dolapo Adeleke,"Sarah Hassan, Stycie Waweru, Mawuli Gavor, Pierra Makena, Eve D'Souza, Christabel Jazz Mistri, Martin Githinji, Lydia Gitachu, Kagwe Mungai, Blessing Lung'Aho",Kenya,"March 12, 2021",2020,TV-G,92 min,"Comedies, Dramas, International Movies",A meticulous clerk for a bookstore that has just been shuttered suddenly finds herself taking care of her cousin's witty 11-year-old daughter.
s1226,TV Show,Marriage or Mortgage,,,,"March 10, 2021",2021,TV-G,1 Season,"Reality TV, Romantic TV Shows",A wedding planner and a real estate agent compete to win the hearts and budgets of spouses-to-be. Will they pick fairy-tale nuptials or a dream home?
s1251,Movie,Connected,Milton Kremer,"Hernán Cattáneo, Richard Coleman",,"March 1, 2021",2021,TV-G,42 min,"Documentaries, International Movies, Music & Musicals","Argentine DJ Hernán Cattáneo, known for his house music innovations, invites a symphonic orchestra for a four-night run at Buenos Aires' Teatro Colón."
s1279,Movie,Brian Regan: On the Rocks,Troy Miller,Brian Regan,United States,"February 23, 2021",2021,TV-G,58 min,Stand-Up Comedy,"Brian Regan tackles the big issues weighing on him, including aging, time, obsessive behavior, backpacks on airplanes, ungrateful horses and raisins."
s1290,Movie,Wave of Cinema: Surat dari Timur,Saron Sakina,"Glenn Fredly, Marcello Tahitoe, Andien, Rahmania Astrini, Gamaliel, Cantika Abigail, Ivan Nestorman, Molukka Hiphop Community, Julie Estelle, Yovie Widianto, Irfan Ramli",,"February 20, 2021",2020,TV-G,58 min,"Documentaries, International Movies, Music & Musicals","Featuring a mix of film footage and special performances, this virtual concert honors the memory and music of revered Indonesian singer Glenn Fredly."
s1318,TV Show,Nadiya Bakes,,Nadiya Hussain,United Kingdom,"February 12, 2021",2021,TV-G,1 Season,"British TV Shows, International TV Shows, Reality TV","Delightful cakes and heavenly breads pop from the oven as Nadiya Hussain returns to baking, her happy place, and spotlights creative kindred spirits."
s1333,TV Show,ICarly,,"Miranda Cosgrove, Nathan Kress, Jerry Trainor, Jennette McCurdy, Noah Munck, Mary Scheer",United States,"February 8, 2021",2008,TV-G,2 Seasons,"Kids' TV, TV Comedies",A cyberstar is born when 13-year-old Carly creates an Internet series with a little help from her best friend Sam and neighbor Freddie.
s1404,Movie,Double Dad,Cris D'Amato,"Maisa Silva, Eduardo Moscovis, Marcelo Médici, Laila Zaid, Pedro Ottoni, Rayana Diniz, Caio Vegatti, Fafá de Belém, Thaynara Og, Roberto Bonfim",Brazil,"January 15, 2021",2020,TV-G,105 min,"Children & Family Movies, Comedies, Dramas","While her mom is away, a teen sneaks out of the hippie commune where she lives and embarks on a life-changing adventure to discover who her father is."
s1405,TV Show,Henry Danger,,"Jace Norman, Cooper Barnes, Riele Downs, Sean Ryan Fox, Ella Anderson, Michael D. Cohen",United States,"January 15, 2021",2016,TV-G,3 Seasons,"Kids' TV, TV Comedies","A new part-time job forces Henry Hart to balance two lives, one as a typical teenager and the other as secret superhero sidekick Kid Danger."
s1443,TV Show,Korean Pork Belly Rhapsody,,Paik Jong-won,,"January 4, 2021",2020,TV-G,1 Season,"Docuseries, International TV Shows",A love letter to pork belly — a perennial favorite among Koreans of every generation — unfolds with an exploration of its history and cooking methods.
s1450,TV Show,Dream Home Makeover,,,United States,"January 1, 2021",2021,TV-G,2 Seasons,Reality TV,"Dreams come true for real families looking for the perfect home tailored to their own unique style, thanks to Shea and Syd McGee of Studio McGee."
s1456,TV Show,Headspace Guide to Meditation,,Andy Puddicombe,United States,"January 1, 2021",2021,TV-G,1 Season,"Docuseries, Science & Nature TV","Headspace takes a friendly, animated look at the benefits of meditation while offering techniques and guided meditations to jump-start your practice."
s1466,TV Show,The Haunted Hathaways,,"Amber Frank, Curtis Harris, Benjamin Flores Jr., Breanna Yde, Ginifer King, Chico Benymon",United States,"January 1, 2021",2013,TV-G,2 Seasons,"Kids' TV, TV Comedies, TV Sci-Fi & Fantasy",Single mom Michelle Hathaway and her daughters find that they share their New Orleans home with the ghosts of single dad Ray Preston and his two sons.
s1477,TV Show,Best Leftovers Ever!,,"Jackie Tohn, David So, Rosemary Shrager",United States,"December 30, 2020",2020,TV-G,1 Season,Reality TV,Decadent pasta from day-old fries? Skillful cooks transform tired leftovers into tantalizing new dishes in this wildly creative culinary competition.
s1494,Movie,Isa Pa with Feelings,Prime Cruz,"Maine Mendoza, Carlo Aquino, Lotlot De Leon, Cris Villanueva, Nikki Valdez, Vangie Labalan, Geleen Eugenio",Philippines,"December 25, 2020",2019,TV-G,102 min,"International Movies, Romantic Movies","When an aspiring architect falls for her Deaf neighbor, they develop a connection and set out to form their own love language despite their differences."
s1497,Movie,Cemara's Family,Yandy Laurens,"Ringgo Agus Rahman, Nirina Zubir, Zara JKT48, Widuri Puteri, Ariyo Wahab, Asri Welas, Abdurrahman Arif, Kafin Sulthan",Indonesia,"December 24, 2020",2018,TV-G,110 min,"Children & Family Movies, Dramas, International Movies","After bankruptcy, Abah and Emak must adapt to a new life with their children in a remote village."
s1566,Movie,Just The Way You Are,Theodore Boborol,"Enrique Gil, Liza Soberano, Yves Flores, Sue Ramirez, Erin Ocampo, Yayo Aguila, Alex Diaz, Jon Lucas, Chienna Filomeno, Marco Gumabao, Myrtle Sarrosa, Kyra Custodio, Miguel Vergara, Tonton Gutierrez, Ricky Davao, Sunshine Cruz",Philippines,"December 10, 2020",2016,TV-G,107 min,"International Movies, Romantic Movies",An overconfident teen bets he can make a homely transfer student fall in love with him in 30 days — but the wager starts to play games with his heart.
s1573,TV Show,The Big Show Show,,"Paul Wight, Allison Munn, Reylynn Caster, Lily Brooks O'Briant, Juliet Donenfeld",United States,"December 9, 2020",2020,TV-G,2 Seasons,"Kids' TV, TV Comedies",Former WWE wrestler the Big Show is out of the ring and ready for an even tougher challenge: raising three daughters with his wife in Florida.
s1668,TV Show,Flavorful Origins,,Yang Chen,China,"November 20, 2020",2020,TV-G,3 Seasons,"Docuseries, International TV Shows","Delve into the delectable world of Chaoshan cuisine, explore its unique ingredients and hear the stories of the people behind its creation."
s1682,Movie,The Princess Switch: Switched Again,Mike Rohl,"Vanessa Hudgens, Nick Sagar, Sam Palladio, Mia Lloyd, Lachlan Nieboer, Ricky Norwood, Florence Hall, Suanne Braun, Mark Fleischmann",United States,"November 19, 2020",2020,TV-G,97 min,"Children & Family Movies, Comedies, Dramas","When Margaret's Christmas coronation complicates her love life, her double Stacy steps in to save the day. But will a third look-alike ruin their plan?"
s1683,Movie,Three Words to Forever,Cathy Garcia-Molina,"Sharon Cuneta, Richard Gomez, Kathryn Bernardo, Liza Lorena, Freddie Webb, Tommy Esguerra, Joross Gamboa, Tobie Dela Cruz",Philippines,"November 19, 2020",2018,TV-G,107 min,"Comedies, Dramas, International Movies","As they near their 25th wedding anniversary, Rick and Cristy try to conceal their crumbling marriage while their family prepares for a big celebration."
s1685,TV Show,Holiday Home Makeover with Mr. Christmas,,Benjamin Bradley,United States,"November 18, 2020",2020,TV-G,1 Season,Reality TV,"Interior designer Benjamin “Mr. Christmas” Bradley works with a trusty team of ""elves” to help families transform their homes for the holidays."
s1692,Movie,A Very Country Christmas,Justin G. Dyck,"Bea Santos, Greyston Holt, Greg Vaughan, Deana Carter, Allison Hossack","United States, Canada","November 15, 2020",2017,TV-G,84 min,"Music & Musicals, Romantic Movies","When an unfulfilled country music star hides out in his hometown, he meets a budding interior designer who finds her way into his heart."
s1696,Movie,Hometown Holiday,Justin G. Dyck,"Sarah Troyer, Bradley Hamilton, Kevin McGarry, Samantha Gracie",Canada,"November 15, 2020",2018,TV-G,84 min,Romantic Movies,"An ambitious entertainment lawyer tries to sign a singing sensation in his sister's small town, but a local soon captures his attention — and heart."
s1700,Movie,White Christmas,Michael Curtiz,"Bing Crosby, Danny Kaye, Rosemary Clooney, Vera-Ellen, Dean Jagger, Mary Wickes, John Brascia, Anne Whitfield, George Chakiris",United States,"November 15, 2020",1954,TV-G,120 min,"Children & Family Movies, Classic Movies, Comedies","Two war buddies fall for two sisters and follow the girls to a resort owned by their former commanding officer, who is in danger of losing the place."
s1708,Movie,A Very Special Love,Cathy Garcia-Molina,"John Lloyd Cruz, Sarah Geronimo, Dante Rivero, Rowell Santiago, Johnny Revilla, Bing Pimental, Daphne Oseña-Paez, Al Tantay, Irma Adlawan, Arno Morales, Miles Ocampo",Philippines,"November 12, 2020",2008,TV-G,107 min,"International Movies, Romantic Movies","After landing a job working for her longtime crush, an optimistic woman realizes that the man of her dreams isn't exactly who she envisioned."
s1735,Movie,Midnight at the Magnolia,Maxwell McGuire,"Natalie Hall, Evan Williams, Michael Gordon Shore, Steve Cumyn, Albert Brooks",Canada,"November 5, 2020",2020,TV-G,87 min,"Comedies, Romantic Movies",Longtime friends and local radio hosts Maggie and Jack fake it as a couple for their families and listeners in hopes of getting their show syndicated.
s1737,Movie,Operation Christmas Drop,Martin Wood,"Kat Graham, Alexander Ludwig, Virginia Madsen, Janet Kidder, Jeff Joseph, Bethany Brown, Trezzo Mahoro, Rohan Campbell, Aliza Vellani, Aaron Douglas, Xavier de Guzman, Bruce Best",United States,"November 5, 2020",2020,TV-G,96 min,"Children & Family Movies, Comedies, Romantic Movies",A by-the-book political aide falls for a big-hearted Air Force pilot while looking to shut down his tropical base and its airborne Christmas tradition.
s1739,Movie,A Christmas Catch,,"Emily Alatalo, Lauren Holly, Yanic Truesdale, Franco Lo Presti, Andrew Bushell, Genelle Williams, Kyana Teresa, Eric Hicks",Canada,"November 4, 2020",2018,TV-G,87 min,"Dramas, Romantic Movies",A cop working undercover to trail a possible diamond thief gets caught in a tricky spot when she finds new clues — and new feelings — for the suspect.
s1961,Movie,Kiss the Ground,"Joshua Tickell, Rebecca Harrell Tickell",Woody Harrelson,United States,"September 22, 2020",2020,TV-G,85 min,Documentaries,Science experts and celebrity activists unpack the ways in which the earth's soil may be the key to combating climate change and preserving the planet.
s1980,TV Show,The American Barbecue Showdown,,"Lyric Lewis, Rutledge Wood",United States,"September 18, 2020",2020,TV-G,1 Season,Reality TV,Eight of the country's best backyard smokers and pitmasters vie for the title of American Barbecue Champion in a fierce but friendly faceoff.
s2021,Movie,Dhh,Manish Saini,"Naseeruddin Shah, Kahaan, Kuldeep Sodha",India,"September 10, 2020",2017,TV-G,127 min,"Children & Family Movies, Dramas, International Movies","Convinced only a miracle can save them from failing school exams, a trio of friends seek help from a magician. To their surprise, he gamely complies."
s2023,TV Show,Julie and the Phantoms,Kenny Ortega,"Madison Reyes, Charlie Gillespie, Owen Patrick Joyner, Jeremy Shada, Jadah Marie, Sacha Carlson, Savannah Lee May, Cheyenne Jackson, Carlos Ponce, Booboo Stewart, Sonny Bustamante",United States,"September 10, 2020",2020,TV-G,1 Season,"Kids' TV, TV Comedies","Julie lost her passion for music when she lost her mom. But when three ghostly guys appear and lift her spirits, they decide to start a band together!"
s2028,Movie,Satria Heroes: Revenge of the Darkness,"Kenzo Maihara, Amandha Wyanto","Christian Loho, Fernando Surya, Yayan Ruhian, Stella Cornelia, Yui Takano, Safira Ratu, Faris Fadjar Munggaran, Adhitya Alkatiri",Indonesia,"September 10, 2020",2017,TV-G,92 min,Children & Family Movies,"As he rebuilds society in a parallel universe, a superhero must return to Earth to help his equally powerful friend defend the planet from evil rivals."
s2039,Movie,My Octopus Teacher,"Pippa Ehrlich, James Reed",,South Africa,"September 7, 2020",2020,TV-G,86 min,"Children & Family Movies, Documentaries, International Movies","A filmmaker forges an unusual friendship with an octopus living in a South African kelp forest, learning as the animal shares the mysteries of her world."
s2058,Movie,Sky Tour: The Movie,Nguyen Thanh Tung,Son Tung M-TP,Vietnam,"September 2, 2020",2020,TV-G,93 min,"Documentaries, International Movies, Music & Musicals","From the preparations to the performances, this documentary showcases Vietnamese pop idol Sơn Tùng M-TP and the passion behind his Sky Tour concerts."
s2103,TV Show,Ojos in d' House,,"'Najite Dede, Jude Chukwuka, Taiwo Arimoro, Odenike Odetola, Funmi Eko, Keppy Ekpenyong",Nigeria,"August 22, 2020",2013,TV-G,1 Season,"International TV Shows, TV Comedies","After a newly rich family moves into an upper-class neighborhood, they try to keep their matriarch's obsessive pursuit of social acceptance in check."
s2129,Movie,Beyond the Boundary: ICC Women's T20 World Cup Australia 2020,Anna Stone,,,"August 14, 2020",2020,TV-G,59 min,"Documentaries, International Movies, Sports Movies","With highlights from the 2020 tourney, this program offers an inside look at the global showcase for women's cricket — the ICC Women's T20 World Cup."
s2145,TV Show,GAME ON: A Comedy Crossover Event,,"Loretta Devine, Tia Mowry-Hardrict, Anthony Alabi, Paul Wight, Allison Munn, Gabriel Iglesias, Sherri Shepherd, Paulina Chávez, Jencarlos Canela",United States,"August 10, 2020",2020,TV-G,1 Season,"Kids' TV, TV Comedies","Worlds collide in this special event featuring familiar faces, surprise cameos and stories of spirited competition from four different comedy series."
s2168,Movie,Malibu Rescue: The Next Wave,Savage Steve Holland,"Ricardo Hurtado, Breanna Yde, Jackie R. Jacobson, Abby Donnelly, Alkoya Brunson, Jeff Meacham, Ella Gross, Carlos Sanson, JT Neal, Camaron Engels, Kirrilee Berger",United States,"August 4, 2020",2020,TV-G,71 min,"Children & Family Movies, Comedies","As summer returns to Malibu, Team Flounder takes to the beach to host — and unexpectedly compete in — the International Beachmaster Competition."
s2175,TV Show,My Perfect Landing,,"Morgan Wigle, Tom Hulshof, Helena Marie, Shawn Thompson, Natasha Zaborski, Ajanae Stephenson, Francesca Van Keekan, Jordan Clark",Canada,"August 1, 2020",2020,TV-G,1 Season,Kids' TV,Everything changes for talented young gymnast Jenny Cortez when she moves with her family from Miami to Toronto to open a new gymnastics club.
s2179,TV Show,The Next Step,,"Shamier Anderson, Victoria Baldesarra, Alexandra Beaton, Jordan Clark, Brennan Clost, Samantha Grecchi, Lamar Johnson, Isaac Lupien, Trevor Tordjman, Brittany Raymond, Bree Wasylenko, Jennifer Pappas, Tamina Pollack-Paris, Logan Fabbro, Megan Mackenzie, Alex Beaton, Natalie Krill",Canada,"August 1, 2020",2018,TV-G,1 Season,"Kids' TV, Reality TV, TV Dramas",This drama series follows young dancers at the Next Step Dance Studio as they attempt to win the coveted regional dance championships.
s2189,Movie,Sugar High,Ariel Boles,Hunter March,United States,"July 31, 2020",2020,TV-G,44 min,Children & Family Movies,"Talented sugar artists compete for $10,000 over two rounds of competition — candy and sugar sculpture — in this ""Sugar Rush"" spinoff special."
s2213,TV Show,Sing On! Spain,,Ricky Merino,Spain,"July 24, 2020",2020,TV-G,1 Season,"International TV Shows, Reality TV, Spanish-Language TV Shows","In this fast-paced, high-energy karaoke competition, singers from all walks of life battle it out for up to 30,000 euros!"
s2253,Movie,Your Excellency,Funke Akindele,"Akin Lewis, Funke Akindele, Kemi Lala Akindoju, Shaffy Bello, Kunle Coker, Eku Edewor, Alexx Ekubo, Osas Ighodaro Ajibade, Seyi Law, Falz, Chigul, Deyemi Okanlawon, Beverly Osu, Toni Tones, Christian Paul, Bimbo Manuel, Helen Paul",,"July 10, 2020",2019,TV-G,120 min,"Comedies, International Movies","Bumbling through politics, a billionaire businessman's presidential campaign seems destined for disaster until it gets a boost from social media."
s2300,TV Show,The Baby-Sitters Club,,"Sophie Grace, Momona Tamada, Shay Rudolph, Malia Baker, Xochitl Gomez, Alicia Silverstone, Mark Feuerstein, Marc Evan Jackson, Aya Furukawa, Jessica Elaina Eason",United States,"July 3, 2020",2020,TV-G,1 Season,"Kids' TV, TV Dramas",Ann M. Martin's beloved books get a modern update in this series that follows a group of girlfriends and their homegrown babysitting business.
s2302,TV Show,Supermarket Sweep,,,United States,"July 2, 2020",1993,TV-G,1 Season,Reality TV,"In this iconic game show, contestants answer food trivia questions then race against the clock while stuffing their carts for massive grocery gains."
s2325,Movie,#FriendButMarried 2,Rako Prijanto,"Adipati Dolken, Mawar de Jongh, Sari Nila, Vonny Cornellya, Clay Gribble, Ivan Leonardy, Sarah Sechan, Jourdy Pranata",Indonesia,"June 28, 2020",2020,TV-G,104 min,"Dramas, International Movies, Romantic Movies","As Ayu and Ditto finally transition from best friends to newlyweds, a quick pregnancy creates uncertainty for the future of their young marriage."
s2338,TV Show,Twogether,,"Lee Seung-gi, Jasper Liu",South Korea,"June 26, 2020",2020,TV-G,1 Season,"International TV Shows, Korean TV Shows, Reality TV","Paired together for an unforgettable trip across Asia, stars Lee Seung-gi and Jasper Liu become buddies as they connect with fans and local cultures."
s2357,Movie,Feel the Beat,Elissa Down,"Sofia Carson, Wolfgang Novogratz, Donna Lynne Champlin, Eva Hauge, Rex Lee, Brandon Kyle Goodman, Lidya Jewett, Sadie Lapidus, Johanna Colón, Shaylee Mansfield, Shiloh Nelson, Justin Allan, Carina Battrick, Kai Zen, Marissa Jaret Winokur, Enrico Colantoni, Dennis Andres",United States,"June 19, 2020",2020,TV-G,110 min,"Children & Family Movies, Comedies, Dramas","After blowing a Broadway audition, a self-centered dancer reluctantly returns home and agrees to coach a squad of young misfits for a big competition."
s2373,Movie,One Take,Manatsanun Phanlerdwongsakul,BNK48,Thailand,"June 18, 2020",2020,TV-G,86 min,"Documentaries, International Movies, Music & Musicals",Members of Thai girl group BNK48 share the ups and downs of preparing for the 6th Single Senbatsu General Election.
s2389,TV Show,Alexa & Katie,,"Paris Berelc, Isabel May, Tiffani Thiessen, Emery Kelly, Jolie Jenkins, Kerri Medders, Finn Carr, Eddie Shin",United States,"June 13, 2020",2020,TV-G,4 Seasons,"Kids' TV, TV Comedies","Alexa is battling cancer. But with her best friend, Katie, by her side, she's also starting high school – and ready for whatever comes next."
s2432,Movie,Spelling the Dream,Sam Rega,,United States,"June 3, 2020",2020,TV-G,83 min,"Children & Family Movies, Documentaries","Following four hopeful competitors, this documentary explores Indian Americans' decades-long success at the biggest spelling contest in the U.S."
s2447,Movie,Cook Off,Tomas Brickhill,"Tendaiishe Chitima, Tendai Nguni, Jesese Mungoshi, Eddie Sandifolo, Charmaine Mujeri, Kudzai Sevenzo, Fungai Majaya, Eugene Zimbudzi, Chimwemwe Chipidza, Kevin Hanssen, Zihlo, Michael Kudakwashe",Zimbabwe,"June 1, 2020",2017,TV-G,100 min,"Comedies, International Movies, Romantic Movies","Yearning for a better life, a single mother with a passion for cooking gets a shot at greatness when her son enters her into a top reality cooking show."
s2467,TV Show,Mako Mermaids: An H2O Adventure,,"Lucy Fry, Ivy Latimer, Amy Ruffle, Chai Romruen, Isabel Durant, Allie Bertram, Linda Ngo, Gemma Forsyth, Dominic Deutscher, Kerith Atkinson, Rowan Hills, Brooke Nichole Lee",Australia,"May 28, 2020",2016,TV-G,4 Seasons,"Kids' TV, TV Comedies","This ""H2O"" sequel follows Zac, a boy who accidentally turns into a merman and threatens the existence of three young mermaids who guard Mako Island."
s2475,Movie,One Day We'll Talk About Today,Angga Dwimas Sasongko,"Rachel Amanda, Rio Dewanto, Shelia Dara, Donny Damara, Susan Bachtiar, Oka Antara, Niken Anjani, Ardhito Pramono",Indonesia,"May 23, 2020",2020,TV-G,128 min,"Dramas, International Movies","Harboring a deep secret, a seemingly happy family confronts the trauma of years past as a clash between generations threatens to separate them."
s2476,Movie,Si Doel the Movie 3,Rano Karno,"Rano Karno, Cornelia Agatha, Maudy Koesnaedi, Suty Karno, Mandra Naih, Aminah Tjendrakasih, Rey Bong, Akhmad Zulhoir Mardia",Indonesia,"May 23, 2020",2020,TV-G,93 min,"Dramas, International Movies, Music & Musicals","Torn between reuniting with one family and leaving another behind, Doel must choose between the two women he loves."
s2482,Movie,#FriendButMarried,Rako Prijanto,"Adipati Dolken, Vanesha Prescilla, Rendi Jhon, Beby Tsabina, Denira Wiraguna, Refal Hady, Diandra Agatha, Sari Nila",Indonesia,"May 21, 2020",2018,TV-G,102 min,"Dramas, International Movies, Romantic Movies","Pining for his high school crush for years, a young man puts up his best efforts to move out of the friend zone until she reveals she's getting married."
s2534,Movie,Fan of Amoory,Salmeen AlMurry Amer,"AlMulla AbdulRahman, Mansour Al Felei, Abdullah Bin Heider, Alhamadi Hamad, Alzaabi Matar, AlBloushi Mayed, Althogali Saif, Alaa Shakir",United Arab Emirates,"May 14, 2020",2018,TV-G,109 min,"Children & Family Movies, Dramas, International Movies","Inspired by his idol Omar Abdulrahman, a young boy navigates obstacles as he chases his dream of becoming a professional soccer player."
s2564,Movie,Luccas Neto em: Acampamento de Férias 2,Lucas Margutti,"Luccas Neto, Giovanna Alparone, Jéssica Diehl, Vivian Duarte",Brazil,"May 4, 2020",2020,TV-G,81 min,"Children & Family Movies, Comedies, Music & Musicals","Luccas and his band of buddies make music and mischief at a new summer camp, where they face off with talented rivals and their tough coach."
s2589,TV Show,Oh Yuck,,"Kayne Tremills, Nia Roam, David Collins, Shane Dundas",Canada,"May 1, 2020",2020,TV-G,1 Season,"Kids' TV, TV Comedies","Using a concoction of cartoons, comedy and live action, Dr. Yuck and his eccentric lab mates investigate the science behind the planet's ickiest things."
s2610,TV Show,Nadiya’s Time to Eat,,Nadiya Hussain,United Kingdom,"April 29, 2020",2020,TV-G,1 Season,"British TV Shows, International TV Shows, Reality TV","On this cooking show, Nadiya Hussain serves up delicious shortcuts, vital ingredients and fast favorites — perfect for today's time-strapped families."
s2647,Movie,My Stupid Boss,Upi Avianto,"Bunga Citra Lestari, Reza Rahadian, Alex Abbad, Bront Palarae, Chew Kin Wah, Atikah Suhaime, Iskandar Zulkarnain, Melissa Karim, Richard Oh, Ting Tan",Indonesia,"April 23, 2020",2016,TV-G,107 min,"Comedies, International Movies","After moving to Kuala Lumpur, Diana lands a secretary job at an ironworks owned by her husband's old college friend, possibly the world's worst boss."
s2682,Movie,Stunt School,Ali Yorgancıoğlu,"Aslı İnandık, Toygan Avanoğlu, Tuna Orhan, Caner Özyurtlu, Melis İşiten, Aslı Turanlı, Ahmet Olgun Sünear, Seda Türkmen, Ayten Uncuoğlu",Turkey,"April 16, 2020",2019,TV-G,95 min,"Children & Family Movies, Comedies, International Movies",An aspiring actress is admitted to a prestigious conservatory but must pay her tuition by working as a performer for an unusual company.
s2696,Movie,The Main Event,Jay Karas,"Seth Carr, Tichina Arnold, Adam Pally, Ken Marino, Mike 'The Miz' Mizanin, Momona Tamada, Keith Lee, Babatunde Aiyegbusi, Kofi Kingston",United States,"April 10, 2020",2020,TV-G,103 min,"Children & Family Movies, Comedies, Sports Movies","Using special powers from a magical mask, a young WWE fan causes chaos when he enters a wrestling competition and fights an intimidating rival."
s2745,Movie,The Little Vampire,"Richard Claus, Karsten Kiilerich","Matthew Marsh, Rasmus Hardiker, Miriam Margolyes, Tim Pigott-Smith, Alice Krige, Amy Saville, Joseph Kloska, Diane Wilson, Phoebe Givron-Taylor, Jim Carter, Sven De Ridder","Netherlands, Germany, Denmark, United Kingdom","April 1, 2020",2017,TV-G,83 min,Children & Family Movies,An American kid obsessed with the undead befriends and offers to help a young vampire whose family is being targeted by a merciless vampire hunter.
s2752,TV Show,Akbar Birbal,,"Kiku Sharda, Vishal Kotian, Delnaaz Irani",India,"March 31, 2020",2019,TV-G,1 Season,"Kids' TV, TV Comedies, TV Dramas","From battles of wit to fights for justice, Emperor Akbar and his trusty advisor Birbal display their unique bond through adventures in Mughal-era India."
s2777,Movie,Making Unorthodox,Marlene Melchior,,Germany,"March 26, 2020",2020,TV-G,21 min,"Documentaries, International Movies",A look at the making of one of the first series to authentically portray and explore issues in a Hasidic community as they pertain to women's lives.
s2894,TV Show,Passion. Panache. Pep,,,,"February 21, 2020",2020,TV-G,1 Season,"International TV Shows, Reality TV","From delicious delicacies to dream destinations, this collection features vibrant stories on cultural trends across food, fashion and travel in India."
s2964,Movie,Misfit 2,Erwin van den Eshof,"Djamila, Niek Roozen, Bente Fokkens, Jolijn Henneman, Fenna Ramos, Jill Schirnhofer, Donny Roelvink, Défano Holwijn",Netherlands,"February 1, 2020",2019,TV-G,82 min,"Children & Family Movies, Comedies, International Movies","When her boyfriend abruptly transfers schools, a gifted musician must pair up with an archrival to battle him in a student music competition."
s2970,Movie,Together For Eternity,Sooraj R. Barjatya,"Salman Khan, Karisma Kapoor, Saif Ali Khan, Tabu, Sonali Bendre, Mohnish Bahl, Reema Lagoo, Mahesh Thakur, Neelam, Alok Nath",India,"February 1, 2020",1999,TV-G,176 min,"Dramas, International Movies, Music & Musicals","A scheming matriarch plots to cut off her disabled stepson and his wife from the family fortune, creating a division within the clan."
s3031,TV Show,The Healing Powers of Dude,,"Jace Chapman, Larisa Oleynik, Tom Everett Scott, Steve Zahn, Mauricio Lara, Sophie Kim, Laurel Emory",,"January 13, 2020",2020,TV-G,1 Season,"Kids' TV, TV Comedies, TV Dramas","When an 11-year-old boy with social anxiety disorder starts middle school, he finds strength in a scruffy emotional support dog named Dude."
s3065,Movie,Luccas Neto in: Children's Day,Lucas Margutti,"Luccas Neto, Vivian Duarte, Giobanna Alparone, Jéssica Diehl",,"January 1, 2020",2019,TV-G,81 min,"Children & Family Movies, Comedies, Music & Musicals","When Luccas Neto plans a big Children's Day celebration, an unexpected threat at school puts the party – and his friends – at risk."
s3206,Movie,Guatemala: Heart of the Mayan World,"Luis Ara, Ignacio Jaunsolo",Christian Morales,"Uruguay, Guatemala","November 30, 2019",2019,TV-G,67 min,"Documentaries, International Movies","From Sierra de las Minas to Esquipulas, explore Guatemala's cultural and geological wealth, including ancient Mayan cities and other natural wonders."
s3254,Movie,"Lorena, Light-Footed Woman",Juan Carlos Rulfo,Lorena Ramírez,Mexico,"November 20, 2019",2019,TV-G,28 min,"Documentaries, International Movies, Sports Movies",Lorena Ramírez of Mexico's Rarámuri community lives a pastoral life – except when she straps on her sandals to compete as an ultramarathon runner.
s3304,Movie,Luccas Neto in: Summer Camp,Lucas Margutti,"Luccas Neto, Gi Alparone, Jéssica Diehl, Roni Fischer, Karol Alves, João Pessanha",Brazil,"November 5, 2019",2019,TV-G,87 min,"Children & Family Movies, Comedies, Music & Musicals",Luccas and Gi are heading to a world famous gymkhana camp. Only problem: so are their bullies... A fun musical that will get you in a vacation mood.
s3317,TV Show,Bella and the Bulldogs,,"Brec Bassinger, Coy Stewart, Jackie Radinsky, Buddy Handleson, Lilimar, Haley Tju, Dorien Wilson, Rio Mangini, Annie Tedesco",United States,"November 2, 2019",2015,TV-G,1 Season,"Kids' TV, TV Comedies","The life of cheerleader Bella Dawson turns upside down when, in a twist of fate, she becomes quarterback for her middle school's football team."
s3326,TV Show,Victorious,,"Victoria Justice, Leon Thomas III, Matt Bennett, Elizabeth Gillies, Ariana Grande, Avan Jogia, Daniella Monet, Michael Eric Reid, Jake Farrow, Eric Lange",United States,"November 2, 2019",2013,TV-G,3 Seasons,"Kids' TV, TV Comedies","When aspiring singer Tori Vega joins the eccentric students at Hollywood Arts High, she struggles to fit in with the amazingly talented teens."
s3367,Movie,Little Miss Sumo,Matt Kay,Hiyori Kon,United Kingdom,"October 28, 2019",2018,TV-G,20 min,"Documentaries, International Movies, Sports Movies","In an ancient sport traditionally reserved for men, 20-year-old female sumo prodigy Hiyori attempts to revolutionize Japan’s national pastime."
s3369,TV Show,A Little Thing Called First Love,,"Lai Kuan-lin, Zhao Jinmai, Wang Runze, Chai Wei, Wang Bowen",China,"October 26, 2019",2019,TV-G,1 Season,"International TV Shows, Romantic TV Shows, Teen TV Shows",A shy college student with a knack for drawing develops a crush on a musically gifted classmate and embarks on a journey of self-discovery.
s3491,Movie,Birders,Otilia Portillo Padua,,"United States, Mexico","September 25, 2019",2019,TV-G,38 min,"Documentaries, International Movies",Bird watchers on both sides of the U.S.-Mexico border share their enthusiasm for protecting and preserving some of the world's most beautiful species.
s3536,Movie,American Factory: A Conversation with the Obamas,,"President Barack Obama, Michelle Obama, Julia Reichert, Steven Bognar",United States,"September 5, 2019",2019,TV-G,10 min,Documentaries,Barack and Michelle Obama talk with directors Steven Bognar and Julia Reichert about the documentary and the importance of storytelling.
s3541,TV Show,Moving Art,,,United States,"September 1, 2019",2018,TV-G,3 Seasons,"Docuseries, Science & Nature TV","Experience nature's art as filmmaker Louie Schwartzberg highlights the beauty that lurks in oceans, forests, deserts and flowers."
s3574,Movie,Our Planet - Behind The Scenes,,David Attenborough,United Kingdom,"August 20, 2019",2019,TV-G,63 min,Documentaries,Years spent recording footage of creatures from every corner of the globe is bound to produce a bit of drama. Here's a behind-the-scenes look.
s3681,TV Show,Free Rein,,"Jaylen Barron, Manpreet Bambra, Celine Buckens, Freddy Carter, Caroline Ford, Natalie Gumede, Bruce Herbelin-Earle, Noah Huntley, Kerry Ingram, Paul Luebke, Geoffrey McGivern, Navia Ziraili Robinson, Milo Twomey, Carla Woodcock",United States,"July 6, 2019",2019,TV-G,3 Seasons,"British TV Shows, Kids' TV, TV Dramas","A 15-year-old from LA spends the summer at her mom's childhood home on an island off the coast of England, where she bonds with a mysterious horse."
s3682,Movie,"River, el más grande siempre","Marcelo Altmark, Mariano Mucci, Luis A. Scalella",,Argentina,"July 5, 2019",2019,TV-G,105 min,"Documentaries, International Movies, Sports Movies","Experience the highlights of Argentine soccer team Club Atlético River Plate's long history, from its early development to its major victories."
s3780,TV Show,Malibu Rescue: The Series,,"Ricardo Hurtado, Breanna Yde, Jackie R. Jacobson, Abby Donnelly, Alkoya Brunson, Jeremy Howard, JT Neal, Bryana Salaz, Ian Ziering, Camaron Engels",United States,"June 3, 2019",2019,TV-G,1 Season,"Kids' TV, TV Action & Adventure, TV Comedies","On the heels of Junior Rescue training, Team Flounder returns to brave the beach in a series of thrilling saves and lighthearted laughs."
s3807,TV Show,Prince of Peoria,,"Gavin Lewis, Theodore Barnes, Shelby Simmons, Cynthia Kaye McWilliams",United States,"May 20, 2019",2019,TV-G,2 Seasons,"Kids' TV, TV Comedies",A prankster prince who wants to experience life as an ordinary teen leaves his kingdom to live incognito with a single mom and her studious son.
s3830,Movie,Malibu Rescue,Savage Steve Holland,"Ricardo Hurtado, Breanna Yde, Jackie R. Jacobson, Abby Donnelly, Alkoya Brunson, JT Neal, Ian Ziering, Bryana Salaz, Camaron Engels, Jeremy Howard, Jeff Meacham",United States,"May 13, 2019",2019,TV-G,70 min,"Children & Family Movies, Comedies","When a long list of shenanigans lands Tyler in hot water, he’s forced to suit up and spend his summer training for an elite junior lifeguard program."
s4059,Movie,Pants on Fire,Jonathan A. Rosenbaum,"Bradley Steven Perry, Joshua J. Ballard, Tyrel Jackson Williams, Brittney Wilson, Taylor Russell, Nicholas Coombe, Rachelle Gillis, Kevin O'Grady",Canada,"March 1, 2019",2014,TV-G,87 min,"Children & Family Movies, Comedies",Jealous girlfriends and aliens are just some of the things Jack lied about to become popular. Now the lies are coming to life and ruining everything.
s4061,Movie,Radio Rebel,Peter Howitt,"Debby Ryan, Sarena Parmar, Adam DiMarco, Merritt Patterson, Nancy Robertson",United States,"March 1, 2019",2012,TV-G,90 min,"Children & Family Movies, Comedies","Shy student Tara has a secret identity: She is smooth-talking Radio Rebel, a DJ who lends her voice to all kids, popular and unpopular alike."
s4138,Movie,Free Rein: Valentine's Day,,"Jaylen Barron, Joe Ashman, Manpreet Bambra, Celine Buckens, Freddy Carter, Bruce Herbelin-Earle, Kerry Ingram, Charlotte Jordan, Geoffrey McGivern, Martin Bobb-Semple, Sadie Simm, Carla Woodcock",United States,"February 1, 2019",2019,TV-G,51 min,"Children & Family Movies, Dramas","Love is in the air as Zoe and friends go on a quest to find a fabled Maid's Stone. But when rivalry blinds them to danger, it's Raven to the rescue!"
s4184,TV Show,The World's Most Extraordinary Homes,,"Piers Taylor, Caroline Quentin",United Kingdom,"January 18, 2019",2019,TV-G,3 Seasons,"British TV Shows, Docuseries, International TV Shows",Award-winning architect Piers Taylor and actress/property enthusiast Caroline Quentin travel the world to tour unconventional homes in extreme places.
s4287,Movie,Prince of Peoria: A Christmas Moose Miracle,Jon Rosenbaum,"Gavin Lewis, Theodore Barnes, Shelby Simmons, Cynthia Kaye McWilliams",United States,"December 17, 2018",2018,TV-G,29 min,"Children & Family Movies, Comedies","Teddy's never missed the Festival of Lights, but the bowling alley’s been snowed in! Not to worry – Emil insists the Christmas moose will save the day."
s4319,Movie,Free Rein: The Twelve Neighs of Christmas,Marek Losey,"Jaylen Barron, Billy Angel, Manpreet Bambra, Celine Buckens, Freddy Carter, Bruce Herbelin-Earle, Kerry Ingram, Charlotte Jordan, Geoff McGivern, Martin Bobb-Semple",,"December 7, 2018",2018,TV-G,58 min,"Children & Family Movies, Dramas","As Bright Fields preps for its Mistletoe Ball, a broken ornament leads Zoe to a family secret, while Gaby finds herself at the mercy of new boss Mia."
s4341,TV Show,Haunted House,,"Jo Hyun-jung, Gim Young-eun, Gim Chae-ha, I So Eun, Choe Jae-ho",,"December 1, 2018",2017,TV-G,1 Season,"Kids' TV, Korean TV Shows","With help from a 102-year-old goblin dwelling beneath their haunted apartment building, two siblings deal with ghosts and take on spooky mysteries."
s4385,TV Show,Ponysitters Club,,"Morgan Neundorf, Madeline Leon, Khiyla Aynne, Cailan Laine Punnewaert, Zyon Allen, Maya Franzoi, Victoria Tomazelli, Hugh Wilson, Diana Chrisman",Canada,"November 16, 2018",2018,TV-G,2 Seasons,"Kids' TV, TV Dramas",A young horse enthusiast teams up with her best friends to rescue and rehabilitate animals on her family's beloved ranch.
s4387,Movie,The Princess Switch,,"Vanessa Hudgens, Sam Palladio, Nick Sagar, Suanne Braun, Mark Fleischmann, Amy Griffiths, Sara Stewart, Pavel Douglas, Robin Soans, Calliope Taylor, Natali Yura, Alexa Adeosun",United States,"November 16, 2018",2018,TV-G,102 min,"Children & Family Movies, Dramas, Romantic Movies","When a down-to-earth Chicago baker and a soon-to-be princess discover they look like twins, they hatch a Christmastime plan to trade places."
s4416,TV Show,Brainchild,,"Sahana Srinivasan, Alie Ward, Ben Seidman",,"November 2, 2018",2018,TV-G,1 Season,Kids' TV,"From germs and emotions to social media and more, it's the science of your world explained in a way that's refreshingly relatable."
s4418,Movie,The Holiday Calendar,Bradley Walsh,"Kat Graham, Quincy Brown, Ethan Peck, Ron Cephas Jones, Genelle Williams, Ali Hassan, Rodrigo Fernandez-Stoll, Laura de Carteret, Kevin Hanchard, Romaine Waite",United States,"November 2, 2018",2018,TV-G,95 min,"Dramas, Romantic Movies",A talented photographer stuck in a dead-end job inherits an antique Advent calendar that may be predicting the future – and pointing her toward love.
s4649,TV Show,If I were an Animal,,"Zachary Young, Fleur Delahunty",,"September 11, 2018",2018,TV-G,1 Season,"Docuseries, Kids' TV, Science & Nature TV","Curious kids Emma and her big brother Tim observe different animals as they make their way through various life milestones, from birth to adulthood."
s4739,TV Show,Becoming Champions,,,Mexico,"August 1, 2018",2018,TV-G,1 Season,"Docuseries, International TV Shows",This series looks at the stories behind the athletes and countries that have achieved World Cup champion status.
s4771,Movie,Going for Gold,Clay Glen,"Kelli Berglund, Emily Morris, Terry Rogers, Jess Kuss, Jo Stone, Elysia Markou, Daisy Anderson, Ruth Natalie Fallon, Henry Turczynowicz, Martha Lott",Australia,"July 15, 2018",2018,TV-G,88 min,"Children & Family Movies, Dramas, International Movies","After moving to Australia, an American teen convinces her new friends to form a cheer squad and take on their biggest rivals in competition."
s4828,Movie,Pacificum: Return to the Ocean,"Mariana Tschudi, Héctor Gálvez",,Peru,"June 15, 2018",2017,TV-G,74 min,"Documentaries, International Movies","Four scientists offer a sweeping yet intimate exploration of Peru's majestic coastline by land, sea and air."
s4875,TV Show,A Little Help with Carol Burnett,,"Carol Burnett, Russell Peters, Mark Cuban, Taraji P. Henson, Brittany Snow, Wanda Sykes, Derek Hough, Billy Eichner, Lisa Kudrow, Candace Cameron Bure, DJ Khaled, Tony Hale, Julie Bowen",United States,"May 4, 2018",2018,TV-G,1 Season,"Stand-Up Comedy & Talk Shows, TV Comedies","Comedy icon Carol Burnett returns to TV with a panel of clever kids, who help adults and celebrity guests solve their problems with brutal honesty."
s4996,Movie,Ladies First,Uraaz Bahl,,India,"March 8, 2018",2018,TV-G,40 min,"Documentaries, International Movies, Sports Movies","Born amid poverty and limited women's rights in the village of Ratu, India, Deepika Kumari rose to become the No.1 female archer in the world at 18."
s5000,Movie,Expedition China,Ben Wallis,Maggie Q,,"March 4, 2018",2017,TV-G,78 min,"Children & Family Movies, Documentaries","Cinematographers visit the remote forests and mountains of China in hopes of capturing footage of pandas, monkeys, red-crowned cranes and more."
s5116,Movie,48 Christmas Wishes,"Marco Deufemia, Justin G. Dyck","Khiyla Aynne, Noah Dyer, Maya Franzoi, Clara Kushnir, Madeline Leon, Liam MacDonald, Matt Schichter, Ethan Yang, Adam Crew",Canada,"December 20, 2017",2017,TV-G,84 min,"Children & Family Movies, Comedies","When a small town's letters to Santa accidentally go up in smoke, two elves venture out of the North Pole to retrieve every missing wish."
s5122,Movie,Christmas Inheritance,Ernie Barbarash,"Eliza Taylor, Jake Lacy, Andie MacDowell, Michael Xavier, Neil Crone, Anthony Sherwood, Joanna Douglas, Martin Roach",United States,"December 15, 2017",2017,TV-G,105 min,"Dramas, International Movies, Romantic Movies","To inherit her father's company, socialite Ellen must first visit his small hometown, where she learns the value of hard work and helping others."
s5181,TV Show,Project Mc²,,"Mika Abdalla, Genneya Walton, Victoria Vida, Ysa Penarejo, Belle Shouse, Alyssa Lynch, Danica McKellar, Maddie Phillips, Sarah Desjardins",United States,"November 7, 2017",2017,TV-G,6 Seasons,Kids' TV,Teenage spy McKeyla teams up with three other super-smart girls to become secret agents who use their science and tech skills to save the day.
s5190,Movie,Pettersson and Findus 2,Ali Samadi Ahadi,"Stefan Kurt, Marianne Sägebrecht, Max Herbrechter",Germany,"November 1, 2017",2016,TV-G,82 min,"Children & Family Movies, Comedies","Christmas is just around the corner, but Pettersson and Findus are worried the snowy weather (and lack of a tree) may keep them from celebrating."
s5222,TV Show,West Coast Customs,,"Ryan Friedlinghaus, Hunter Clancey",United States,"October 15, 2017",2015,TV-G,6 Seasons,"Docuseries, Reality TV","West Coast Customs, a mecca for well-heeled car lovers, stars as their team creates some of the most luxurious, outrageous vehicles on the planet."
s5312,Movie,The Guardian Brothers,Gary Wang,"Edward Norton, Dan Fogler, Mike Birbiglia, Bella Thorne, Randall Park, Mel Brooks, Nicole Kidman, Meryl Streep",China,"September 1, 2017",2016,TV-G,86 min,"Children & Family Movies, Comedies","When a Chinese family's soup shop is targeted for sabotage by a competitor, two guardians from the spirit world leave retirement to protect them."
s5682,Movie,Mariah Carey's Merriest Christmas,James Yukich,"Mariah Carey, Lacey Chabert, Kelsey Grammer, Billy Gardell, Fina Strazza, Kenneth Edmonds, Cameron Mathison, Brennan Elliott",United States,"December 9, 2016",2015,TV-G,38 min,"Children & Family Movies, Music & Musicals","Pop music superstar Mariah Carey hosts this all-star holiday celebration with special guests and a celebrity reading of ""The Night Before Christmas."""
s5693,TV Show,Lost & Found Music Studios,,"Victoria Baldesarra, Sarah Carmosino, Jordan Clark, DeShaun Clarke, Keara Graves, Katrina Hachey, Shane Harte, Ali Milner, Levi Randall, Brittany Raymond, Trevor Tordjman, Michael Torontow, Alex Zaichkowski, Matthew Bacik, Alyssa Baker, Ella Jonas Farlinger, Ian Matthews, Rakim Kelly, Bailey Pelkman, Olivia Solo",Canada,"December 3, 2016",2016,TV-G,2 Seasons,"Kids' TV, TV Comedies, TV Dramas","Teen singers-songwriters in an elite music program form bonds of friendship, creativity and romance while turning their passion into their profession."
s5824,TV Show,Edge of the Universe,,,United Kingdom,"August 1, 2016",2008,TV-G,1 Season,"British TV Shows, Docuseries, Science & Nature TV","Leading astronomers reveal the latest discoveries about death-trap planets, asteroids, comets and other wonders of the cosmos."
s5924,TV Show,Goosebumps,,R.L. Stine,Canada,"November 19, 2014",1998,TV-G,5 Seasons,"Kids' TV, TV Thrillers",R.L. Stine's tales take on a life of their own in a series that combines original stories with adaptations drawn from the popular books.
s5937,Movie,Shrek the Musical,Jason Moore,"Brian d'Arcy James, Daniel Breaker, Sutton Foster, Christopher Sieber, John Tartaglia, Rozi Baker, Ryan Duncan, Leah Greenhaus, Chris Hoch, Marissa O'Donnell, Denny Paschall",United States,"December 29, 2013",2013,TV-G,130 min,"Children & Family Movies, Comedies, Music & Musicals","The greatest fairy tale never told comes to life in this colorful, song-filled, Tony Award-winning Broadway production based on the hit movie."
s6042,Movie,A Holiday Engagement,Jim Fall,"Bonnie Somerville, Shelley Long, Jordan Bridges, Sam McMurray, Haylie Duff, Sam Horrigan, Carrie Wiita, Chris McKenna, Edi Patterson, Jennifer Elise Cox",United States,"November 4, 2019",2011,TV-G,92 min,"Children & Family Movies, Comedies, Romantic Movies",Hilary's plan to hire a good-looking guy to act as her boyfriend backfires when she brings him home for the holidays to try and fool her family.
s6119,Movie,All Hallows' Eve,Charlie Vaughn,"Lexi Giovagnoli, Ashley Argota, John DeLuca, Diane Salinger, Martin Klebba, Tracey Gold, Dee Wallace, Pilot Paisley-Rose, Daniel Cooksley, Vincent Giovagnoli, Dillon Cavitt",United States,"August 1, 2017",2016,TV-G,92 min,"Children & Family Movies, Independent Movies","Instead of summoning the spirit of her dearly departed mother, a charming teen accidentally awakens a vengeful witch who wants to destroy her town."
s6125,Movie,Alpha and Omega 2: A Howl-iday Adventure,Richard Rich,"Ben Diskin, Kate Higgins, Blackie Rose, Lindsay Torrance, Liza West, Tracy Pfau, Bill Lader, Meryl Leigh, Shaun Gerardo",United States,"October 1, 2019",2013,TV-G,45 min,Children & Family Movies,"In this animated outdoor adventure, wolf couple Humphrey and Kate face a crisis when one of their three cubs disappears without explanation."
s6128,Movie,AlphaGo,Greg Kohs,,United States,"January 1, 2018",2017,TV-G,90 min,Documentaries,"Seemingly simple but deceptively complex, the game of ""Go"" serves as the backdrop for this battle between artificial intelligence and man."
s6260,Movie,Beak & Brain: Genius Birds From Down Under,"Volker Arzt, Angelika Sigl",,Germany,"March 1, 2017",2013,TV-G,52 min,"Documentaries, International Movies","Whoever came up with the term ""bird brain"" never met these feathered thinkers, who use their claws and beaks to solve puzzles, make tools and more."
s6262,Movie,Beary Tales,,,United States,"March 1, 2017",2013,TV-G,52 min,"Children & Family Movies, Documentaries, International Movies",A well-known wildlife photographer living alone in the Bohemian Forest finds himself playing mama bear to a pair of abandoned cubs.
s6285,Movie,Benji's Very Own Christmas Story,Joe Camp,"Ron Moody, Patsy Garrett, Cynthia Smith",United States,"October 3, 2018",1978,TV-G,25 min,Children & Family Movies,"While on a press tour, Benji goes behind the scenes of Santa's workshop. But Santa has a devastating secret, so it's up to Benji to save Christmas."
s6302,TV Show,Big Bad Beetleborgs,,"Wesley Barker, Herbie Baez, Elisabeth Lund, Shannon Chandler, Billy Forester, Frank Addela, Kyle Jordan, Dave 'Foots' Footman, Derek Stephen Prince, Vivian Smallwood","United States, France, Japan","January 1, 2016",1997,TV-G,2 Seasons,"Kids' TV, TV Comedies","When three teens free a spirit that offers to grant each a wish, they choose to become their favorite superheroes, launching a series of adventures."
s6305,TV Show,"Big Dreams, Small Spaces",,Monty Don,United Kingdom," July 26, 2019",2017,TV-G,3 Seasons,"British TV Shows, International TV Shows, Reality TV",Writer and presenter Monty Don helps England's budding horticulturists plant and grow the gardens of their dreams.
s6342,TV Show,Blue Planet II,,David Attenborough,United Kingdom,"December 3, 2018",2017,TV-G,1 Season,"British TV Shows, Docuseries, Science & Nature TV","This sequel to the award-winning nature series ""Blue Planet"" dives beneath Earth's oceans to reveal the dazzling vistas and amazing creatures there."
s6348,TV Show,Bob Ross: Beauty Is Everywhere,,Bob Ross,,"June 1, 2016",1991,TV-G,1 Season,TV Shows,"""The Joy of Painting"" host Bob Ross brings his signature wet-on-wet style to a bevy of bucolic landscape paintings celebrating the beauty of nature."
s6349,Movie,Bob's Broken Sleigh,Jay Surridge,"Cole Howard, Bruce Greenwood, Victor Garber, Michael Adamthwaite, Raini Rodriguez, Colin Murdock, Maryke Hendrikse, Sam Vincent, Gabe Khouth",Canada,"December 17, 2015",2015,TV-G,47 min,Children & Family Movies,"An overly eager elf improves Santa's sleigh, but when he crash lands far from home, three odd critters pitch in to send him back to the North Pole."
s6369,TV Show,Brain Games,,Jason Silva,United States," March 15, 2019",2016,TV-G,3 Seasons,"Docuseries, Science & Nature TV","This interactive series uses games, illusions and experiments to illustrate how our brains manufacture our reality and often play tricks on us."
s6388,Movie,Bugs,Andreas Johnsen,,"Netherlands, Denmark, France, Germany","February 20, 2018",2016,TV-G,73 min,"Documentaries, International Movies",A willing team of chefs and researchers goes on a gastronomic adventure around the globe to weigh the benefits of using bugs as a future food source.
s6411,Movie,Camp Cool Kids,Lisa Arnold,"Connor Rosen, Logan Shroyer, Michael Gross, Markie Post, Leigh-Allyn Baker, Juliocesar Chavez, Tyree Brown",United States,"January 1, 2018",2017,TV-G,104 min,"Children & Family Movies, Comedies, Dramas","A young boy attends summer camp, where he overcomes his fears, stands up to bullies and learns important lessons about faith and life."
s6443,Movie,Chandani: The Daughter of the Elephant Whisperer,Arne Birkenstock,K.G. Chandani Renuka Ratnayake,"Germany, Sri Lanka","March 1, 2017",2010,TV-G,87 min,"Documentaries, International Movies",A girl who wants to be an elephant driver like her father is given the chance to raise a calf and becomes even more determined when it's taken away.
s6470,TV Show,Chill with Bob Ross,,Bob Ross,,"December 1, 2016",1994,TV-G,1 Season,TV Shows,Iconic artist and master of relaxation Bob Ross demonstrates the process of creating wintry scenes in these episodes dedicated to the season.
s6480,Movie,Christmas in the Smokies,Gary Wheeler,"Sarah Lancaster, Barry Corbin, Alan Powell, Jill Wagner, Danny Vinson, Gregory Alan Williams, Rebecca Koon, Brett Rice",United States,"March 1, 2019",2015,TV-G,88 min,"Children & Family Movies, Dramas, Romantic Movies","In the Smoky Mountains, an ambitious woman works to save her family's historic berry farm as her ex, a country music star, returns to town."
s6540,Movie,Covered: Alive in Asia,"Micah Bickham, Galley Molina",Israel Houghton,United States,"March 31, 2016",2016,TV-G,75 min,"Documentaries, Faith & Spirituality, Music & Musicals","Christian musician Israel Houghton leads his band Israel & New Breed on a tour supporting their newest album of multicultural, hybrid-genre songs."
s6614,TV Show,Dino Hunt,,,Canada,"August 4, 2017",2016,TV-G,1 Season,"Docuseries, Science & Nature TV","Top scientists and paleontologists examine dinosaur fossils located throughout Canada, while searching for elusive new species."
s6648,Movie,Dream Big: Engineering Our World,Greg MacGillivray,Jeff Bridges,United States,"July 1, 2018",2017,TV-G,42 min,Documentaries,"Narrated by Jeff Bridges, this compelling documentary examines some incredible achievements of engineering from across the globe."
s6682,Movie,Elizabeth at 90: A Family Tribute,John Bridcut,,United Kingdom,"May 22, 2017",2016,TV-G,90 min,Documentaries,A blend of the royal family's intimate recollections and rarely seen home movies pays tribute to Queen Elizabeth II on the eve of her 90th birthday.
s6733,TV Show,Fake or Fortune?,,"Fiona Bruce, Philip Mould, Bendor Grosvenor",United Kingdom,"July 26, 2019",2015,TV-G,1 Season,"British TV Shows, Crime TV Shows, Docuseries",Fiona Bruce and Philip Mould use investigative skills and scientific techniques to determine if paintings are real or just impressive forgeries.
s6767,TV Show,Fix It and Finish It,,Antonio Sabato Jr.,United States," July 20, 2018",2014,TV-G,3 Seasons,Reality TV,"A team of skilled contractors and designers hosted by Antonio Sabato Jr. renovates houses, cabins and even RVs, transforming properties in one day."
s6903,Movie,Guy Martin: Last Flight of the Vulcan Bomber,James Woodroffe,"Guy Martin, Kevin Stone, Shaun Dooley",United Kingdom,"July 26, 2019",2015,TV-G,57 min,"Documentaries, International Movies",Guy Martin assists in preparing the last airworthy Vulcan bomber for a farewell tour while revealing the stories behind the iconic aircraft.
s6919,Movie,Hans Zimmer: Live in Prague,Tim Van Someren,Hans Zimmer,United Kingdom,"March 1, 2018",2017,TV-G,138 min,"International Movies, Music & Musicals","In this concert film, Oscar-winning composer Hans Zimmer performs his most iconic movie scores to a sell-out crowd at the O2 Arena in Prague."
s6932,Movie,Harriet the Spy: Blog Wars,Ron Oliver,"Jennifer Stone, Kristin Booth, Wesley Morgan, Doug Murray, Shauna MacDonald, Jason Blicker, Jayne Eastwood, Melinda Shankar, Alexander Conti, Vanessa Morgan","United States, Canada","April 15, 2018",2010,TV-G,87 min,"Children & Family Movies, Comedies",Intrepid writer Harriet Welsch is determined to become the class blogger despite stiff competition from her snooty archrival.
s7023,Movie,Hum Saath-Saath Hain,Sooraj R. Barjatya,"Salman Khan, Karisma Kapoor, Saif Ali Khan, Tabu, Sonali Bendre, Mohnish Bahl, Mahesh Thakur, Neelam, Alok Nath, Satish Shah",India,"January 1, 2018",1999,TV-G,176 min,"Dramas, International Movies, Music & Musicals","A scheming matriarch plots to cut off her disabled stepson and his wife from the family fortune, creating a division within the clan."
s7121,TV Show,Japanese Style Originator,,"Takeo Chii, Hisako Manda, Takahiro Azuma, Kazuya Masuda",Japan,"May 1, 2017",2008,TV-G,1 Season,"International TV Shows, Stand-Up Comedy & Talk Shows","Find out everything there is to know about Japanese tradition, from food to culture to objects and arts, and the people who are continuing it today."
s7124,TV Show,Jeopardy!,,Alex Trebek,United States,"December 18, 2020",2019,TV-G,2 Seasons,Reality TV,"Alex Trebek hosts one of TV's longest-running game shows, where a trio of players buzz in with their knowledge of history, arts, pop culture and more."
s7222,Movie,Koko: The Gorilla Who Talks,Jonathan Taylor,Demetri Goritsas,United Kingdom,"March 1, 2017",2016,TV-G,56 min,Documentaries,"Witness the incredible, decades-long friendship between Koko the gorilla and Penny Patterson, who taught Koko to communicate via sign language."
s7288,TV Show,Lego Friends,,"Elisa Schnebelie, Raquel Christiana, Lucia Vecchio, Karen Strassman, Michelle Ruff, Sam Riegel",," February 1, 2019",2017,TV-G,3 Seasons,Kids' TV,"As a way to make friends, new girl in town Olivia volunteers to work at the Heartlake City World Petacular with four other girls."
s7290,Movie,LEGO House - Home of the Brick,"Anders Falck, Stinus Morell Vithner",Bjarke Ingels,,"June 15, 2018",2018,TV-G,48 min,"Documentaries, International Movies","In Billund, Denmark, a nearly 130,000-square-foot house is constructed with 25 million Lego bricks, capturing the awe of kids of all ages."
s7301,TV Show,Life on Location,,David Attenborough,United States,"April 22, 2015",2009,TV-G,1 Season,"British TV Shows, Docuseries, Science & Nature TV","Members of the BBC's ""Life"" production crew go behind the scenes to explain just what it took to capture key sequences of the program."
s7322,TV Show,Liv and Maddie,,"Dove Cameron, Joey Bragg, Tenzing Norgay Trainor, Kali Rocha, Benjamin King",United States,"April 23, 2017",2017,TV-G,4 Seasons,"Kids' TV, TV Comedies","After four years in Hollywood as a television star, Liv returns to Wisconsin to discover that either she – or her family – has changed."
s7354,TV Show,Love Your Garden,,"Alan Titchmarsh, David Domoney, Frances Tophill, Katie Rushworth",United Kingdom,"July 26, 2019",2013,TV-G,1 Season,"British TV Shows, International TV Shows, Reality TV",Famed horticulturist Alan Titchmarsh hosts this uplifting show in which he and his team travel the U.K. planting dream gardens for deserving citizens.
s7436,TV Show,Mega Food,,,United Kingdom,"July 12, 2019",2013,TV-G,1 Season,"British TV Shows, Docuseries, International TV Shows","Visiting the busiest kitchens in the world, this reality series focuses on large-scale food production – and the people who make it happen."
s7458,TV Show,Mini Wolf,,,France," September 16, 2018",2014,TV-G,2 Seasons,Kids' TV,Mini-Wolf and his fun-loving pals friends are always on the look out for a new adventure – even if it includes a little bit of mischief.
s7501,Movie,"Monster High: Scaris, City of Frights","Dustin McKenzie, Andrew Duncan, Audu Paden","Laura Bailey, Cam Clarke, Erin Fitzgerald, Dee Dee Green, Celeste Henderson, Kate Higgins, Jonathan Lipow, Julie Maddalena, Dustin McKenzie, Audu Paden",United States,"July 7, 2015",2013,TV-G,60 min,Children & Family Movies,"When Clawdeen gets a chance to study with a top fashion designer, she and her pals hop on a plane to Scaris, France, the city where screams come true."
s7505,TV Show,Monty Don's French Gardens,Rachel Bell,,United Kingdom,"July 26, 2019",2013,TV-G,1 Season,"British TV Shows, Docuseries, International TV Shows","TV personality Monty Don visits France’s most famous gardens to dig up the influence of power, culture and passion on their conceptions and designs."
s7506,TV Show,Monty Don's Italian Gardens,,Monty Don,United Kingdom,"July 26, 2019",2011,TV-G,1 Season,"British TV Shows, Docuseries, International TV Shows","From horticultural hideaways to luxurious botanical displays, TV personality Monty Don explores the history behind Italy’s most extraordinary gardens."
s7522,TV Show,Mr. Young,,"Brendan Meyer, Matreya Fedor, Gig Morton, Kurt Ostlund, Emily Tennant, Milo Shandel",Canada," April 16, 2019",2013,TV-G,2 Seasons,"Kids' TV, TV Comedies","After Adam graduates from college at age 14, he heads back to high school to teach science, where his crush and his best friends are his students!"
s7564,Movie,National Parks Adventure,Greg MacGillivray,Robert Redford,United States,"February 1, 2018",2016,TV-G,42 min,Documentaries,"Narrated by Robert Redford, this documentary tours the awe-inspiring landscapes, historic sites and untamed wilderness of America's great parks."
s7570,TV Show,NATURE: Natural Born Hustlers,,Kevin Draine,United States,"March 1, 2017",2016,TV-G,1 Season,"Docuseries, Science & Nature TV","Sometimes being shady is the only way to survive, a fact these sneaky animal ""hustlers"" – including orcas, owls and otters – use to their advantage."
s7571,Movie,Nature: Raising the Dinosaur Giant,,David Attenborough,United States,"March 1, 2017",2016,TV-G,53 min,Documentaries,Sir David Attenborough examines a recently discovered collection of dinosaur fossils. CGI and 3-D scans reveal what the beast may have looked like.
s7590,TV Show,Ninja Turtles: The Next Mutation,,"Jarred Blancard, Mitchell A. Lee Yuen, Dean Choe, Richard Yee, Gabe Khouth, Nicole Parker, Kirby Morrow, Matt Hill, Jason Gray-Stanford, Michael Dobson, Lalainia Lindbjerg, Shishir Inocalla, Fiona Scott, Stephen Mendel, Larry Lam, Geoff Wong","Canada, United States","January 1, 2016",1997,TV-G,1 Season,"Kids' TV, TV Comedies",Everyone's favorite teenage mutants are back in live action to fight crime with help from a new ninja turtle – a female named Venus De Milo.
s7600,Movie,NOVA: Bird Brain,,Craig Sechler,United States,"July 1, 2019",2017,TV-G,53 min,"Children & Family Movies, Documentaries",Scientists test avian aptitude and challenge concepts of intelligence with examples ranging from puzzle-solving crows to parrots with a sense of time.
s7601,Movie,NOVA: Black Hole Apocalypse,Rushmore DeNooyer,Janna Levin,United States,"July 1, 2019",2018,TV-G,113 min,Documentaries,"Astrophysicists show how black holes might hold answers to how the universe evolved, leading to life on Earth and, ultimately, the human race."
s7605,Movie,NOVA: Death Dive to Saturn,Terri Randall,Craig Sechler,United States,"July 1, 2019",2017,TV-G,54 min,Documentaries,"After decades of amazing discoveries, spacecraft Cassini embarks on its final – and most daring – mission: a dive below Saturn’s rings."
s7607,Movie,NOVA: Eclipse Over America,Martin Gorst,,United States,"July 1, 2019",2017,TV-G,53 min,Documentaries,"Scientists reveal how the 2017 solar eclipse provided new clues into how the sun works, from its scorching atmosphere to its deadly solar storms."
s7615,Movie,NOVA: Prediction by the Numbers,Daniel McCabe,Jay O. Sanders,United States,"July 1, 2019",2018,TV-G,53 min,Documentaries,"With the science of forecasting flourishing, this documentary explores how predictions inform our lives and statistics and algorithms' reliability."
s7619,Movie,Nova: Ultimate Mars Challenge,Gail Willumsen,Lance Lewman,United States,"July 1, 2019",2012,TV-G,53 min,Movies,"With access to the scientists and engineers responsible for the Curiosity rover's on-the-ground experiments, NOVA captures its landing on Mars."
s7663,Movie,One Heart: The A.R. Rahman Concert Film,,A.R. Rahman,India,"November 1, 2017",2017,TV-G,87 min,"Documentaries, International Movies, Music & Musicals","In this concert film, Indian musical maestro A.R. Rahman performs 15 of his most popular songs and reveals himself through interviews and clips."
s7748,TV Show,Planet Earth II,,David Attenborough,United Kingdom,"December 25, 2017",2016,TV-G,1 Season,"British TV Shows, Docuseries, Science & Nature TV","In this sequel to the Emmy-winning ""Planet Earth"" series, viewers are treated to rich and intimate views of the natural diversity of our planet."
s7935,Movie,Santa's Apprentice,Luc Vinciguerra,"Julie Gayet, Jean-Pierre Marielle, Lorànt Deutsch, Bruno Salomone, Pierre-François Martin-Laval, Didier Brice, Benoît Allemane, Nathan Simony, Daniela Duspara, Max Cullen","Australia, France, Ireland","December 20, 2015",2010,TV-G,72 min,Children & Family Movies,"Young orphan Nicolas learns how to guide a sleigh, slide down chimneys and other duties he'll need when he becomes the next Santa Claus."
s7949,TV Show,Save Our Shelter,,"Rocky Kanaka, Rob North",United States,"August 18, 2018",2015,TV-G,1 Season,Reality TV,"Pet rescue expert Rocky Kanaka and renovation specialist Rob North travel across North America, transforming animal shelters to help homeless pets."
s8017,Movie,Siddhant,Vivek Wagh,"Vikram Gokhale, Swati Chitnis, Kishore Kadam, Ganesh Yadav, Sarang Sathaye, Archit Deodhar, Madhavi Soman, Neha Mahajan",India,"October 30, 2018",2014,TV-G,105 min,"Dramas, Independent Movies, International Movies",A principled mathematics teacher is shocked to discover that his grandson used unethical means to achieve academic success.
s8035,Movie,Skydancers,Fredric Lean,,"United States, France","June 27, 2018",2014,TV-G,49 min,"Documentaries, Sports Movies",Only a few women pilots take part in the sport of aerobatics. Director Fredric Lean captures their powerful spirit at the World Aerobatic Championships.
s8136,Movie,Sustainable,Matt Wechsler,,United States,"March 1, 2017",2016,TV-G,92 min,Documentaries,"Chef Rick Bayless, farmers and others discuss the history leading to the sustainable food movement and how it could change what we eat in the future."
s8190,TV Show,The Andy Griffith Show,,"Andy Griffith, Ron Howard, Don Knotts, Frances Bavier, Howard McNear, Hope Summers",United States," July 1, 2017",1967,TV-G,8 Seasons,"Classic & Cult TV, TV Comedies","Homespun humor and easygoing Sheriff Andy Taylor are at the center of this nostalgic look at Mayberry, a small town filled with lovable characters."
s8215,TV Show,The Blue Planet: A Natural History of the Oceans,Alastair Fothergill,David Attenborough,United Kingdom,"October 10, 2015",2001,TV-G,1 Season,"British TV Shows, Docuseries, International TV Shows","David Attenborough narrates this definitive exploration of the marine world, from the familiar to the unknown, revealing the sea and its communities."
s8322,TV Show,The Golden Years with Javed Akhtar,,,India,"June 1, 2017",2016,TV-G,1 Season,"Docuseries, International TV Shows","Writer, poet and lyricist Javed Akhtar hosts this musical trip down memory lane, revealing untold stories behind India's best songs of 1950-75."
s8360,Movie,The Incredible Story of the Giant Pear,"Philip Einstein Lipski, Jørgen Lerdam, Amalie Næsby Fick","Paul Tylak, Susie Power, Roger Gregg, Dermot Magennis, Marcus Lamb, J. Drew Lucas",Denmark,"March 1, 2019",2018,TV-G,75 min,Children & Family Movies,"Sebastian the elephant and his feline friend Mithco sail on a gigantic peach to rescue Sunnytown's beloved mayor, who's stranded on a mysterious island."
s8424,TV Show,The Minimighty Kids,,,France," April 15, 2018",2012,TV-G,2 Seasons,"Kids' TV, TV Comedies","Some have big feet or a sniffly nose, others are clumsy or too sweaty – but these kids soon discover their mini problems can become superpowers."
s8501,Movie,The Search for Life in Space,Stephen Amezdroz,,United States,"April 1, 2018",2016,TV-G,32 min,Documentaries,"To determine whether we're alone in the universe, astrobiologists look to Jupiter, Mars and, closer to home, extreme environments on Earth."
s8531,Movie,The Tigers of Scotland,Leanne Gater,Iain Glen,United Kingdom,"November 1, 2018",2017,TV-G,58 min,Documentaries,"This documentary highlights the endangered existence of the Scottish wildcats, and the conservation efforts required to prevent their extinction."
s8620,Movie,Treasures from the Wreck of the Unbelievable,Sam Hobkinson,,United Kingdom,"January 1, 2018",2017,TV-G,82 min,"Documentaries, Dramas, International Movies",This cinematic journey into the waters off East Africa chronicles the story behind artist Damien Hirst's massive exhibition of oceanic treasures.
s8670,TV Show,V.R. Troopers,,"Michael Sorich, Gardner Baldwin, Mike Reynolds, Richard Rabago, Brad Hawkins, Michael Bacon, Kerrigan Mahan, Sarah Brown, Julian Combs, David Carr, Farrand Thompson, Zeb, Aaron Pruner",United States,"January 1, 2016",1995,TV-G,2 Seasons,Kids' TV,Three friends who study martial arts find themselves defending humanity from a criminal mastermind and his invading army from another dimension.
s8703,Movie,Waterschool,Tiffanie Hsu,,"United States, Brazil, India, Uganda, China","July 25, 2018",2018,TV-G,68 min,Documentaries,"Six young women, who each live near one of Earth's major rivers, share how the Waterschool environmental education program has impacted their lives."
s8748,TV Show,Winsanity,,Donald Faison,United States,"December 15, 2018",2016,TV-G,1 Season,Reality TV,Actor Donald Faison hosts this game show in which contestants must arrange numerical-based trivia tidbits from largest to smallest for various prizes.
s8787,Movie,You Can Tutu,James Brown,"Lily O'Regan, Jeannettsy Enriquez Borges, Joeley Gibson, Zahra Hassan Malik, Cleo Badcock, Stuart Manning, Ali Bastian, Amanda Holt",United Kingdom,"December 31, 2017",2017,TV-G,87 min,Children & Family Movies,A gifted young ballet dancer struggles to find her footing in an uptight ballet school that brings her and her family to a brand-new neighborhood.
